{
  "payment": {
    "merchant-account-id": {
      "value": "6c0e7efd-ee58-40f7-9bbd-5e7337a052cd"
    },
    "request-id": "",
    "requested-amount": {
      "value": "1.01",
      "currency": "EUR"
    },
    "account-holder": {
      "first-name": "John",
      "last-name": "Dao"
    },
    "transaction-type": "debit",
    "descriptor": "FANZEE XRZ-1282",
    "notifications": {
      "format": "application/xml",
      "notification": [
        {
          "url": "wpp-integration-demo-php/src/result/notify.php"
        }
      ]
    },
    "success-redirect-url": "wpp-integration-demo-php/src/result/success.php",
    "fail-redirect-url": "wpp-integration-demo-php/src/result/fail.php",
    "cancel-redirect-url": "wpp-integration-demo-php/src/result/cancel.php"
  },
  "options": {
    "frame-ancestor": ""
  }
}
