{
  "payment": {
    "merchant-account-id": {
      "value": "53f2895a-e4de-4e82-a813-0d87a10e55e6"
    },
    "account-holder": {
      "first-name": "John",
      "last-name": "Doe"
    },
    "request-id": "",
    "requested-amount": {
      "value": 10,
      "currency": "EUR"
    },
    "transaction-type": "purchase",
    "payment-methods": {
      "payment-method": [
        {
          "name": "creditcard"
        }
      ]
    },
    "three-d": {
      "attempt-three-d": "true"
    },
    "notifications": {
      "format": "application/xml",
      "notification": [
        {
          "url": "wpp-integration-demo-php/src/result/notify.php"
        }
      ]
    },
    "success-redirect-url": "wpp-integration-demo-php/src/result/success.php",
    "fail-redirect-url": "wpp-integration-demo-php/src/result/fail.php",
    "cancel-redirect-url": "wpp-integration-demo-php/src/result/cancel.php"
  }
}
