{
  "payment": {
    "merchant-account-id": {
      "value": "4aeccf39-0d47-47f6-a399-c05c1f2fc819"
    },
    "account-holder": {
      "first-name": "John",
      "last-name": "Dao"
    },
    "request-id": "",
    "requested-amount": {
      "value": "10.99",
      "currency": "EUR"
    },
    "order-number": "15684356856",
    "descriptor": "customer-statement",
    "bank-account": {
      "bic": "INGBNL2A"
    },
    "transaction-type": "debit",
    "payment-methods": {
      "payment-method": [
        {
          "name": "ideal"
        }
      ]
    },
    "notifications": {
      "format": "application/xml",
      "notification": [
        {
          "url": "wpp-integration-demo-php/src/result/notify.php"
        }
      ]
    },
    "success-redirect-url": "wpp-integration-demo-php/src/result/success.php",
    "fail-redirect-url": "wpp-integration-demo-php/src/result/fail.php",
    "cancel-redirect-url": "wpp-integration-demo-php/src/result/cancel.php"
  }
}
